{
  "frames": {
    "BluePlantClosed_00032.png": {
      "frame": {
        "x": 0,
        "y": 0,
        "w": 668,
        "h": 583
      },
      "rotated": false,
      "trimmed": true,
      "spriteSourceSize": {
        "x": 73,
        "y": 166,
        "w": 668,
        "h": 583
      },
      "sourceSize": {
        "w": 768,
        "h": 768
      },
      "pivot": {
        "x": 0.5,
        "y": 0.5
      }
    },
    "BluePlantClosed_00033.png": {
      "frame": {
        "x": 668,
        "y": 0,
        "w": 667,
        "h": 584
      },
      "rotated": false,
      "trimmed": true,
      "spriteSourceSize": {
        "x": 74,
        "y": 165,
        "w": 667,
        "h": 584
      },
      "sourceSize": {
        "w": 768,
        "h": 768
      },
      "pivot": {
        "x": 0.5,
        "y": 0.5
      }
    },
    "BluePlantClosed_00022.png": {
      "frame": {
        "x": 0,
        "y": 583,
        "w": 666,
        "h": 584
      },
      "rotated": false,
      "trimmed": true,
      "spriteSourceSize": {
        "x": 75,
        "y": 165,
        "w": 666,
        "h": 584
      },
      "sourceSize": {
        "w": 768,
        "h": 768
      },
      "pivot": {
        "x": 0.5,
        "y": 0.5
      }
    },
    "BluePlantClosed_00034.png": {
      "frame": {
        "x": 1335,
        "y": 0,
        "w": 665,
        "h": 586
      },
      "rotated": false,
      "trimmed": true,
      "spriteSourceSize": {
        "x": 76,
        "y": 163,
        "w": 665,
        "h": 586
      },
      "sourceSize": {
        "w": 768,
        "h": 768
      },
      "pivot": {
        "x": 0.5,
        "y": 0.5
      }
    },
    "BluePlantClosed_00021.png": {
      "frame": {
        "x": 666,
        "y": 584,
        "w": 664,
        "h": 586
      },
      "rotated": false,
      "trimmed": true,
      "spriteSourceSize": {
        "x": 77,
        "y": 163,
        "w": 664,
        "h": 586
      },
      "sourceSize": {
        "w": 768,
        "h": 768
      },
      "pivot": {
        "x": 0.5,
        "y": 0.5
      }
    },
    "BluePlantClosed_00035.png": {
      "frame": {
        "x": 0,
        "y": 1167,
        "w": 663,
        "h": 587
      },
      "rotated": false,
      "trimmed": true,
      "spriteSourceSize": {
        "x": 78,
        "y": 162,
        "w": 663,
        "h": 587
      },
      "sourceSize": {
        "w": 768,
        "h": 768
      },
      "pivot": {
        "x": 0.5,
        "y": 0.5
      }
    },
    "BluePlantClosed_00020.png": {
      "frame": {
        "x": 1330,
        "y": 586,
        "w": 662,
        "h": 588
      },
      "rotated": false,
      "trimmed": true,
      "spriteSourceSize": {
        "x": 79,
        "y": 161,
        "w": 662,
        "h": 588
      },
      "sourceSize": {
        "w": 768,
        "h": 768
      },
      "pivot": {
        "x": 0.5,
        "y": 0.5
      }
    },
    "BluePlantClosed_00036.png": {
      "frame": {
        "x": 663,
        "y": 1170,
        "w": 661,
        "h": 589
      },
      "rotated": false,
      "trimmed": true,
      "spriteSourceSize": {
        "x": 80,
        "y": 160,
        "w": 661,
        "h": 589
      },
      "sourceSize": {
        "w": 768,
        "h": 768
      },
      "pivot": {
        "x": 0.5,
        "y": 0.5
      }
    },
    "BluePlantClosed_00019.png": {
      "frame": {
        "x": 1324,
        "y": 1174,
        "w": 659,
        "h": 591
      },
      "rotated": false,
      "trimmed": true,
      "spriteSourceSize": {
        "x": 82,
        "y": 158,
        "w": 659,
        "h": 591
      },
      "sourceSize": {
        "w": 768,
        "h": 768
      },
      "pivot": {
        "x": 0.5,
        "y": 0.5
      }
    }
  },
  "meta": {
    "app": "http://free-tex-packer.com",
    "version": "0.6.7",
    "image": "texture-1.png",
    "format": "RGBA8888",
    "size": {
      "w": 2000,
      "h": 1765
    },
    "scale": 1
  }
}