{
  "frames": {
    "BluePlantClosed_00037.png": {
      "frame": {
        "x": 0,
        "y": 0,
        "w": 659,
        "h": 591
      },
      "rotated": false,
      "trimmed": true,
      "spriteSourceSize": {
        "x": 82,
        "y": 158,
        "w": 659,
        "h": 591
      },
      "sourceSize": {
        "w": 768,
        "h": 768
      },
      "pivot": {
        "x": 0.5,
        "y": 0.5
      }
    },
    "BluePlantClosed_00018.png": {
      "frame": {
        "x": 659,
        "y": 0,
        "w": 657,
        "h": 594
      },
      "rotated": false,
      "trimmed": true,
      "spriteSourceSize": {
        "x": 84,
        "y": 155,
        "w": 657,
        "h": 594
      },
      "sourceSize": {
        "w": 768,
        "h": 768
      },
      "pivot": {
        "x": 0.5,
        "y": 0.5
      }
    },
    "BluePlantClosed_00039.png": {
      "frame": {
        "x": 0,
        "y": 591,
        "w": 654,
        "h": 596
      },
      "rotated": false,
      "trimmed": true,
      "spriteSourceSize": {
        "x": 87,
        "y": 153,
        "w": 654,
        "h": 596
      },
      "sourceSize": {
        "w": 768,
        "h": 768
      },
      "pivot": {
        "x": 0.5,
        "y": 0.5
      }
    },
    "BluePlantClosed_00017.png": {
      "frame": {
        "x": 1316,
        "y": 0,
        "w": 653,
        "h": 597
      },
      "rotated": false,
      "trimmed": true,
      "spriteSourceSize": {
        "x": 88,
        "y": 152,
        "w": 653,
        "h": 597
      },
      "sourceSize": {
        "w": 768,
        "h": 768
      },
      "pivot": {
        "x": 0.5,
        "y": 0.5
      }
    },
    "BluePlantClosed_00040.png": {
      "frame": {
        "x": 654,
        "y": 594,
        "w": 651,
        "h": 599
      },
      "rotated": false,
      "trimmed": true,
      "spriteSourceSize": {
        "x": 90,
        "y": 150,
        "w": 651,
        "h": 599
      },
      "sourceSize": {
        "w": 768,
        "h": 768
      },
      "pivot": {
        "x": 0.5,
        "y": 0.5
      }
    },
    "BluePlantClosed_00016.png": {
      "frame": {
        "x": 0,
        "y": 1187,
        "w": 650,
        "h": 600
      },
      "rotated": false,
      "trimmed": true,
      "spriteSourceSize": {
        "x": 91,
        "y": 149,
        "w": 650,
        "h": 600
      },
      "sourceSize": {
        "w": 768,
        "h": 768
      },
      "pivot": {
        "x": 0.5,
        "y": 0.5
      }
    },
    "BluePlantClosed_00041.png": {
      "frame": {
        "x": 1305,
        "y": 597,
        "w": 649,
        "h": 601
      },
      "rotated": false,
      "trimmed": true,
      "spriteSourceSize": {
        "x": 92,
        "y": 148,
        "w": 649,
        "h": 601
      },
      "sourceSize": {
        "w": 768,
        "h": 768
      },
      "pivot": {
        "x": 0.5,
        "y": 0.5
      }
    },
    "BluePlantClosed_00000.png": {
      "frame": {
        "x": 650,
        "y": 1193,
        "w": 587,
        "h": 649
      },
      "rotated": true,
      "trimmed": true,
      "spriteSourceSize": {
        "x": 155,
        "y": 100,
        "w": 587,
        "h": 649
      },
      "sourceSize": {
        "w": 768,
        "h": 768
      },
      "pivot": {
        "x": 0.5,
        "y": 0.5
      }
    },
    "BluePlantClosed_00015.png": {
      "frame": {
        "x": 1299,
        "y": 1198,
        "w": 647,
        "h": 603
      },
      "rotated": false,
      "trimmed": true,
      "spriteSourceSize": {
        "x": 94,
        "y": 146,
        "w": 647,
        "h": 603
      },
      "sourceSize": {
        "w": 768,
        "h": 768
      },
      "pivot": {
        "x": 0.5,
        "y": 0.5
      }
    },
    "BluePlantClosed_00038.png": {
      "frame": {
        "x": 659,
        "y": 0,
        "w": 657,
        "h": 594
      },
      "rotated": false,
      "trimmed": true,
      "spriteSourceSize": {
        "x": 84,
        "y": 155,
        "w": 657,
        "h": 594
      },
      "sourceSize": {
        "w": 768,
        "h": 768
      },
      "pivot": {
        "x": 0.5,
        "y": 0.5
      }
    }
  },
  "meta": {
    "app": "http://free-tex-packer.com",
    "version": "0.6.7",
    "image": "texture-2.png",
    "format": "RGBA8888",
    "size": {
      "w": 1969,
      "h": 1801
    },
    "scale": 1
  }
}