{
  "frames": {
    "BluePlantClosed_00026.png": {
      "frame": {
        "x": 0,
        "y": 0,
        "w": 672,
        "h": 580
      },
      "rotated": false,
      "trimmed": true,
      "spriteSourceSize": {
        "x": 69,
        "y": 169,
        "w": 672,
        "h": 580
      },
      "sourceSize": {
        "w": 768,
        "h": 768
      },
      "pivot": {
        "x": 0.5,
        "y": 0.5
      }
    },
    "BluePlantClosed_00027.png": {
      "frame": {
        "x": 672,
        "y": 0,
        "w": 672,
        "h": 580
      },
      "rotated": false,
      "trimmed": true,
      "spriteSourceSize": {
        "x": 69,
        "y": 169,
        "w": 672,
        "h": 580
      },
      "sourceSize": {
        "w": 768,
        "h": 768
      },
      "pivot": {
        "x": 0.5,
        "y": 0.5
      }
    },
    "BluePlantClosed_00028.png": {
      "frame": {
        "x": 1344,
        "y": 0,
        "w": 672,
        "h": 580
      },
      "rotated": false,
      "trimmed": true,
      "spriteSourceSize": {
        "x": 69,
        "y": 169,
        "w": 672,
        "h": 580
      },
      "sourceSize": {
        "w": 768,
        "h": 768
      },
      "pivot": {
        "x": 0.5,
        "y": 0.5
      }
    },
    "BluePlantClosed_00025.png": {
      "frame": {
        "x": 0,
        "y": 580,
        "w": 671,
        "h": 581
      },
      "rotated": true,
      "trimmed": true,
      "spriteSourceSize": {
        "x": 70,
        "y": 168,
        "w": 671,
        "h": 581
      },
      "sourceSize": {
        "w": 768,
        "h": 768
      },
      "pivot": {
        "x": 0.5,
        "y": 0.5
      }
    },
    "BluePlantClosed_00029.png": {
      "frame": {
        "x": 0,
        "y": 1251,
        "w": 671,
        "h": 580
      },
      "rotated": true,
      "trimmed": true,
      "spriteSourceSize": {
        "x": 70,
        "y": 169,
        "w": 671,
        "h": 580
      },
      "sourceSize": {
        "w": 768,
        "h": 768
      },
      "pivot": {
        "x": 0.5,
        "y": 0.5
      }
    },
    "BluePlantClosed_00024.png": {
      "frame": {
        "x": 580,
        "y": 1251,
        "w": 670,
        "h": 582
      },
      "rotated": true,
      "trimmed": true,
      "spriteSourceSize": {
        "x": 71,
        "y": 167,
        "w": 670,
        "h": 582
      },
      "sourceSize": {
        "w": 768,
        "h": 768
      },
      "pivot": {
        "x": 0.5,
        "y": 0.5
      }
    },
    "BluePlantClosed_00031.png": {
      "frame": {
        "x": 581,
        "y": 580,
        "w": 670,
        "h": 582
      },
      "rotated": true,
      "trimmed": true,
      "spriteSourceSize": {
        "x": 71,
        "y": 167,
        "w": 670,
        "h": 582
      },
      "sourceSize": {
        "w": 768,
        "h": 768
      },
      "pivot": {
        "x": 0.5,
        "y": 0.5
      }
    },
    "BluePlantClosed_00030.png": {
      "frame": {
        "x": 1162,
        "y": 1250,
        "w": 670,
        "h": 581
      },
      "rotated": true,
      "trimmed": true,
      "spriteSourceSize": {
        "x": 71,
        "y": 168,
        "w": 670,
        "h": 581
      },
      "sourceSize": {
        "w": 768,
        "h": 768
      },
      "pivot": {
        "x": 0.5,
        "y": 0.5
      }
    },
    "BluePlantClosed_00023.png": {
      "frame": {
        "x": 1163,
        "y": 580,
        "w": 668,
        "h": 583
      },
      "rotated": true,
      "trimmed": true,
      "spriteSourceSize": {
        "x": 73,
        "y": 166,
        "w": 668,
        "h": 583
      },
      "sourceSize": {
        "w": 768,
        "h": 768
      },
      "pivot": {
        "x": 0.5,
        "y": 0.5
      }
    }
  },
  "meta": {
    "app": "http://free-tex-packer.com",
    "version": "0.6.7",
    "image": "texture-0.png",
    "format": "RGBA8888",
    "size": {
      "w": 2016,
      "h": 1922
    },
    "scale": 1
  }
}