{
  "frames": {
    "BluePlantClosed_00046.png": {
      "frame": {
        "x": 0,
        "y": 0,
        "w": 633,
        "h": 613
      },
      "rotated": false,
      "trimmed": true,
      "spriteSourceSize": {
        "x": 108,
        "y": 136,
        "w": 633,
        "h": 613
      },
      "sourceSize": {
        "w": 768,
        "h": 768
      },
      "pivot": {
        "x": 0.5,
        "y": 0.5
      }
    },
    "BluePlantClosed_00053.png": {
      "frame": {
        "x": 633,
        "y": 0,
        "w": 607,
        "h": 632
      },
      "rotated": true,
      "trimmed": true,
      "spriteSourceSize": {
        "x": 134,
        "y": 117,
        "w": 607,
        "h": 632
      },
      "sourceSize": {
        "w": 768,
        "h": 768
      },
      "pivot": {
        "x": 0.5,
        "y": 0.5
      }
    },
    "BluePlantClosed_00011.png": {
      "frame": {
        "x": 1265,
        "y": 0,
        "w": 631,
        "h": 616
      },
      "rotated": false,
      "trimmed": true,
      "spriteSourceSize": {
        "x": 110,
        "y": 133,
        "w": 631,
        "h": 616
      },
      "sourceSize": {
        "w": 768,
        "h": 768
      },
      "pivot": {
        "x": 0.5,
        "y": 0.5
      }
    },
    "BluePlantClosed_00052.png": {
      "frame": {
        "x": 633,
        "y": 607,
        "w": 611,
        "h": 631
      },
      "rotated": true,
      "trimmed": true,
      "spriteSourceSize": {
        "x": 130,
        "y": 118,
        "w": 611,
        "h": 631
      },
      "sourceSize": {
        "w": 768,
        "h": 768
      },
      "pivot": {
        "x": 0.5,
        "y": 0.5
      }
    },
    "BluePlantClosed_00006.png": {
      "frame": {
        "x": 0,
        "y": 613,
        "w": 608,
        "h": 631
      },
      "rotated": true,
      "trimmed": true,
      "spriteSourceSize": {
        "x": 133,
        "y": 118,
        "w": 608,
        "h": 631
      },
      "sourceSize": {
        "w": 768,
        "h": 768
      },
      "pivot": {
        "x": 0.5,
        "y": 0.5
      }
    },
    "BluePlantClosed_00047.png": {
      "frame": {
        "x": 1264,
        "y": 616,
        "w": 630,
        "h": 616
      },
      "rotated": false,
      "trimmed": true,
      "spriteSourceSize": {
        "x": 111,
        "y": 133,
        "w": 630,
        "h": 616
      },
      "sourceSize": {
        "w": 768,
        "h": 768
      },
      "pivot": {
        "x": 0.5,
        "y": 0.5
      }
    },
    "BluePlantClosed_00007.png": {
      "frame": {
        "x": 631,
        "y": 1218,
        "w": 613,
        "h": 629
      },
      "rotated": true,
      "trimmed": true,
      "spriteSourceSize": {
        "x": 128,
        "y": 120,
        "w": 613,
        "h": 629
      },
      "sourceSize": {
        "w": 768,
        "h": 768
      },
      "pivot": {
        "x": 0.5,
        "y": 0.5
      }
    },
    "BluePlantClosed_00010.png": {
      "frame": {
        "x": 0,
        "y": 1221,
        "w": 627,
        "h": 618
      },
      "rotated": false,
      "trimmed": true,
      "spriteSourceSize": {
        "x": 114,
        "y": 131,
        "w": 627,
        "h": 618
      },
      "sourceSize": {
        "w": 768,
        "h": 768
      },
      "pivot": {
        "x": 0.5,
        "y": 0.5
      }
    },
    "BluePlantClosed_00051.png": {
      "frame": {
        "x": 1260,
        "y": 1232,
        "w": 615,
        "h": 627
      },
      "rotated": true,
      "trimmed": true,
      "spriteSourceSize": {
        "x": 126,
        "y": 122,
        "w": 615,
        "h": 627
      },
      "sourceSize": {
        "w": 768,
        "h": 768
      },
      "pivot": {
        "x": 0.5,
        "y": 0.5
      }
    }
  },
  "meta": {
    "app": "http://free-tex-packer.com",
    "version": "0.6.7",
    "image": "texture-5.png",
    "format": "RGBA8888",
    "size": {
      "w": 1896,
      "h": 1847
    },
    "scale": 1
  }
}