{
  "frames": {
    "BluePlantClosed_00048.png": {
      "frame": {
        "x": 0,
        "y": 0,
        "w": 626,
        "h": 620
      },
      "rotated": false,
      "trimmed": true,
      "spriteSourceSize": {
        "x": 115,
        "y": 129,
        "w": 626,
        "h": 620
      },
      "sourceSize": {
        "w": 768,
        "h": 768
      },
      "pivot": {
        "x": 0.5,
        "y": 0.5
      }
    },
    "BluePlantClosed_00008.png": {
      "frame": {
        "x": 626,
        "y": 0,
        "w": 618,
        "h": 626
      },
      "rotated": true,
      "trimmed": true,
      "spriteSourceSize": {
        "x": 123,
        "y": 123,
        "w": 618,
        "h": 626
      },
      "sourceSize": {
        "w": 768,
        "h": 768
      },
      "pivot": {
        "x": 0.5,
        "y": 0.5
      }
    },
    "BluePlantClosed_00050.png": {
      "frame": {
        "x": 1252,
        "y": 0,
        "w": 619,
        "h": 624
      },
      "rotated": true,
      "trimmed": true,
      "spriteSourceSize": {
        "x": 122,
        "y": 125,
        "w": 619,
        "h": 624
      },
      "sourceSize": {
        "w": 768,
        "h": 768
      },
      "pivot": {
        "x": 0.5,
        "y": 0.5
      }
    },
    "BluePlantClosed_00009.png": {
      "frame": {
        "x": 626,
        "y": 618,
        "w": 622,
        "h": 623
      },
      "rotated": true,
      "trimmed": true,
      "spriteSourceSize": {
        "x": 119,
        "y": 126,
        "w": 622,
        "h": 623
      },
      "sourceSize": {
        "w": 768,
        "h": 768
      },
      "pivot": {
        "x": 0.5,
        "y": 0.5
      }
    },
    "BluePlantClosed_00049.png": {
      "frame": {
        "x": 626,
        "y": 618,
        "w": 622,
        "h": 623
      },
      "rotated": true,
      "trimmed": true,
      "spriteSourceSize": {
        "x": 119,
        "y": 126,
        "w": 622,
        "h": 623
      },
      "sourceSize": {
        "w": 768,
        "h": 768
      },
      "pivot": {
        "x": 0.5,
        "y": 0.5
      }
    }
  },
  "meta": {
    "app": "http://free-tex-packer.com",
    "version": "0.6.7",
    "image": "texture-6.png",
    "format": "RGBA8888",
    "size": {
      "w": 1876,
      "h": 1240
    },
    "scale": 1
  }
}