{
  "frames": {
    "BluePlantClosed_00042.png": {
      "frame": {
        "x": 0,
        "y": 0,
        "w": 646,
        "h": 604
      },
      "rotated": false,
      "trimmed": true,
      "spriteSourceSize": {
        "x": 95,
        "y": 145,
        "w": 646,
        "h": 604
      },
      "sourceSize": {
        "w": 768,
        "h": 768
      },
      "pivot": {
        "x": 0.5,
        "y": 0.5
      }
    },
    "BluePlantClosed_00001.png": {
      "frame": {
        "x": 646,
        "y": 0,
        "w": 589,
        "h": 645
      },
      "rotated": true,
      "trimmed": true,
      "spriteSourceSize": {
        "x": 152,
        "y": 104,
        "w": 589,
        "h": 645
      },
      "sourceSize": {
        "w": 768,
        "h": 768
      },
      "pivot": {
        "x": 0.5,
        "y": 0.5
      }
    },
    "BluePlantClosed_00059.png": {
      "frame": {
        "x": 1291,
        "y": 0,
        "w": 589,
        "h": 645
      },
      "rotated": true,
      "trimmed": true,
      "spriteSourceSize": {
        "x": 152,
        "y": 104,
        "w": 589,
        "h": 645
      },
      "sourceSize": {
        "w": 768,
        "h": 768
      },
      "pivot": {
        "x": 0.5,
        "y": 0.5
      }
    },
    "BluePlantClosed_00002.png": {
      "frame": {
        "x": 646,
        "y": 589,
        "w": 593,
        "h": 644
      },
      "rotated": true,
      "trimmed": true,
      "spriteSourceSize": {
        "x": 148,
        "y": 105,
        "w": 593,
        "h": 644
      },
      "sourceSize": {
        "w": 768,
        "h": 768
      },
      "pivot": {
        "x": 0.5,
        "y": 0.5
      }
    },
    "BluePlantClosed_00014.png": {
      "frame": {
        "x": 0,
        "y": 604,
        "w": 643,
        "h": 606
      },
      "rotated": false,
      "trimmed": true,
      "spriteSourceSize": {
        "x": 98,
        "y": 143,
        "w": 643,
        "h": 606
      },
      "sourceSize": {
        "w": 768,
        "h": 768
      },
      "pivot": {
        "x": 0.5,
        "y": 0.5
      }
    },
    "BluePlantClosed_00043.png": {
      "frame": {
        "x": 1290,
        "y": 589,
        "w": 643,
        "h": 605
      },
      "rotated": false,
      "trimmed": true,
      "spriteSourceSize": {
        "x": 98,
        "y": 144,
        "w": 643,
        "h": 605
      },
      "sourceSize": {
        "w": 768,
        "h": 768
      },
      "pivot": {
        "x": 0.5,
        "y": 0.5
      }
    },
    "BluePlantClosed_00057.png": {
      "frame": {
        "x": 643,
        "y": 1182,
        "w": 594,
        "h": 643
      },
      "rotated": true,
      "trimmed": true,
      "spriteSourceSize": {
        "x": 147,
        "y": 106,
        "w": 594,
        "h": 643
      },
      "sourceSize": {
        "w": 768,
        "h": 768
      },
      "pivot": {
        "x": 0.5,
        "y": 0.5
      }
    },
    "BluePlantClosed_00058.png": {
      "frame": {
        "x": 0,
        "y": 1210,
        "w": 591,
        "h": 643
      },
      "rotated": true,
      "trimmed": true,
      "spriteSourceSize": {
        "x": 150,
        "y": 106,
        "w": 591,
        "h": 643
      },
      "sourceSize": {
        "w": 768,
        "h": 768
      },
      "pivot": {
        "x": 0.5,
        "y": 0.5
      }
    },
    "BluePlantClosed_00056.png": {
      "frame": {
        "x": 1286,
        "y": 1194,
        "w": 597,
        "h": 641
      },
      "rotated": true,
      "trimmed": true,
      "spriteSourceSize": {
        "x": 144,
        "y": 108,
        "w": 597,
        "h": 641
      },
      "sourceSize": {
        "w": 768,
        "h": 768
      },
      "pivot": {
        "x": 0.5,
        "y": 0.5
      }
    }
  },
  "meta": {
    "app": "http://free-tex-packer.com",
    "version": "0.6.7",
    "image": "texture-3.png",
    "format": "RGBA8888",
    "size": {
      "w": 1936,
      "h": 1801
    },
    "scale": 1
  }
}