{
  "frames": {
    "BluePlantClosed_00003.png": {
      "frame": {
        "x": 0,
        "y": 0,
        "w": 596,
        "h": 640
      },
      "rotated": false,
      "trimmed": true,
      "spriteSourceSize": {
        "x": 145,
        "y": 109,
        "w": 596,
        "h": 640
      },
      "sourceSize": {
        "w": 768,
        "h": 768
      },
      "pivot": {
        "x": 0.5,
        "y": 0.5
      }
    },
    "BluePlantClosed_00044.png": {
      "frame": {
        "x": 0,
        "y": 640,
        "w": 639,
        "h": 609
      },
      "rotated": true,
      "trimmed": true,
      "spriteSourceSize": {
        "x": 102,
        "y": 140,
        "w": 639,
        "h": 609
      },
      "sourceSize": {
        "w": 768,
        "h": 768
      },
      "pivot": {
        "x": 0.5,
        "y": 0.5
      }
    },
    "BluePlantClosed_00013.png": {
      "frame": {
        "x": 596,
        "y": 0,
        "w": 639,
        "h": 608
      },
      "rotated": true,
      "trimmed": true,
      "spriteSourceSize": {
        "x": 102,
        "y": 141,
        "w": 639,
        "h": 608
      },
      "sourceSize": {
        "w": 768,
        "h": 768
      },
      "pivot": {
        "x": 0.5,
        "y": 0.5
      }
    },
    "BluePlantClosed_00004.png": {
      "frame": {
        "x": 0,
        "y": 1279,
        "w": 600,
        "h": 639
      },
      "rotated": false,
      "trimmed": true,
      "spriteSourceSize": {
        "x": 141,
        "y": 110,
        "w": 600,
        "h": 639
      },
      "sourceSize": {
        "w": 768,
        "h": 768
      },
      "pivot": {
        "x": 0.5,
        "y": 0.5
      }
    },
    "BluePlantClosed_00055.png": {
      "frame": {
        "x": 600,
        "y": 1279,
        "w": 600,
        "h": 637
      },
      "rotated": false,
      "trimmed": true,
      "spriteSourceSize": {
        "x": 141,
        "y": 112,
        "w": 600,
        "h": 637
      },
      "sourceSize": {
        "w": 768,
        "h": 768
      },
      "pivot": {
        "x": 0.5,
        "y": 0.5
      }
    },
    "BluePlantClosed_00045.png": {
      "frame": {
        "x": 609,
        "y": 639,
        "w": 636,
        "h": 612
      },
      "rotated": true,
      "trimmed": true,
      "spriteSourceSize": {
        "x": 105,
        "y": 137,
        "w": 636,
        "h": 612
      },
      "sourceSize": {
        "w": 768,
        "h": 768
      },
      "pivot": {
        "x": 0.5,
        "y": 0.5
      }
    },
    "BluePlantClosed_00005.png": {
      "frame": {
        "x": 1204,
        "y": 0,
        "w": 604,
        "h": 636
      },
      "rotated": false,
      "trimmed": true,
      "spriteSourceSize": {
        "x": 137,
        "y": 113,
        "w": 604,
        "h": 636
      },
      "sourceSize": {
        "w": 768,
        "h": 768
      },
      "pivot": {
        "x": 0.5,
        "y": 0.5
      }
    },
    "BluePlantClosed_00054.png": {
      "frame": {
        "x": 1200,
        "y": 1275,
        "w": 603,
        "h": 636
      },
      "rotated": false,
      "trimmed": true,
      "spriteSourceSize": {
        "x": 138,
        "y": 113,
        "w": 603,
        "h": 636
      },
      "sourceSize": {
        "w": 768,
        "h": 768
      },
      "pivot": {
        "x": 0.5,
        "y": 0.5
      }
    },
    "BluePlantClosed_00012.png": {
      "frame": {
        "x": 1221,
        "y": 636,
        "w": 635,
        "h": 613
      },
      "rotated": true,
      "trimmed": true,
      "spriteSourceSize": {
        "x": 106,
        "y": 136,
        "w": 635,
        "h": 613
      },
      "sourceSize": {
        "w": 768,
        "h": 768
      },
      "pivot": {
        "x": 0.5,
        "y": 0.5
      }
    }
  },
  "meta": {
    "app": "http://free-tex-packer.com",
    "version": "0.6.7",
    "image": "texture-4.png",
    "format": "RGBA8888",
    "size": {
      "w": 1834,
      "h": 1918
    },
    "scale": 1
  }
}